'EXP Jahr','EXP Monat','EXP Verkaeufernummer','EXP Rebsorte','EXP Planstueckzahl'
'2021','01','1','Cabernet','174'
'2021','01','1','Champagner','57'
'2021','01','1','Chardonnay','474'
'2021','01','1','Dornfelder','135'
'2021','01','1','Grauburgunder','63'
'2021','01','1','Müller-Thurgau','642'
'2021','01','1','Riesling','93'
'2021','01','1','Shiraz','438'
'2021','01','1','Silvaner','57'
'2021','01','2','Cabernet','102'
'2021','01','2','Champagner','153'
'2021','01','2','Chardonnay','36'
'2021','01','2','Dornfelder','6'
'2021','01','2','Grauburgunder','90'
'2021','01','2','Müller-Thurgau','159'
'2021','01','2','Riesling','449'
'2021','01','2','Shiraz','81'
'2021','01','2','Silvaner','30'
'2021','01','3','Cabernet','609'
'2021','01','3','Champagner','231'
'2021','01','3','Chardonnay','405'
'2021','01','3','Dornfelder','18'
'2021','01','3','Grauburgunder','153'
'2021','01','3','Müller-Thurgau','177'
'2021','01','3','Riesling','257'
'2021','01','3','Shiraz','126'
'2021','01','3','Silvaner','372'
'2021','01','4','Cabernet','105'
'2021','01','4','Champagner','57'
'2021','01','4','Chardonnay','288'
'2021','01','4','Dornfelder','72'
'2021','01','4','Grauburgunder','162'
'2021','01','4','Müller-Thurgau','60'
'2021','01','4','Riesling','406'
'2021','01','4','Shiraz','135'
'2021','01','4','Silvaner','72'
'2021','01','5','Cabernet','36'
'2021','01','5','Chardonnay','27'
'2021','01','5','Dornfelder','6'
'2021','01','5','Grauburgunder','318'
'2021','01','5','Müller-Thurgau','642'
'2021','01','5','Riesling','579'
'2021','01','5','Shiraz','12'
'2021','01','5','Silvaner','72'
'2021','01','6','Cabernet','468'
'2021','01','6','Champagner','234'
'2021','01','6','Chardonnay','177'
'2021','01','6','Grauburgunder','339'
'2021','01','6','Müller-Thurgau','489'
'2021','01','6','Riesling','853'
'2021','01','6','Shiraz','318'
'2021','01','6','Silvaner','324'
'2021','01','7','Cabernet','294'
'2021','01','7','Champagner','474'
'2021','01','7','Chardonnay','99'
'2021','01','7','Dornfelder','132'
'2021','01','7','Grauburgunder','109'
'2021','01','7','Müller-Thurgau','792'
'2021','01','7','Riesling','654'
'2021','01','7','Shiraz','204'
'2021','01','7','Silvaner','330'
'2021','01','8','Cabernet','141'
'2021','01','8','Champagner','135'
'2021','01','8','Chardonnay','534'
'2021','01','8','Dornfelder','117'
'2021','01','8','Grauburgunder','25'
'2021','01','8','Müller-Thurgau','93'
'2021','01','8','Riesling','264'
'2021','01','8','Shiraz','231'
'2021','01','8','Silvaner','69'
'2021','01','9','Cabernet','126'
'2021','01','9','Champagner','39'
'2021','01','9','Chardonnay','159'
'2021','01','9','Dornfelder','57'
'2021','01','9','Grauburgunder','50'
'2021','01','9','Müller-Thurgau','264'
'2021','01','9','Riesling','825'
'2021','01','9','Shiraz','132'
'2021','01','10','Cabernet','252'
'2021','01','10','Champagner','24'
'2021','01','10','Chardonnay','1.176'
'2021','01','10','Dornfelder','216'
'2021','01','10','Grauburgunder','160'
'2021','01','10','Müller-Thurgau','537'
'2021','01','10','Riesling','486'
'2021','01','10','Shiraz','102'
'2021','01','10','Silvaner','99'
'2021','02','1','Cabernet','183'
'2021','02','1','Champagner','633'
'2021','02','1','Chardonnay','213'
'2021','02','1','Dornfelder','24'
'2021','02','1','Grauburgunder','115'
'2021','02','1','Müller-Thurgau','279'
'2021','02','1','Riesling','470'
'2021','02','1','Shiraz','273'
'2021','02','1','Silvaner','90'
'2021','02','2','Cabernet','282'
'2021','02','2','Champagner','180'
'2021','02','2','Chardonnay','960'
'2021','02','2','Dornfelder','96'
'2021','02','2','Grauburgunder','390'
'2021','02','2','Müller-Thurgau','303'
'2021','02','2','Riesling','576'
'2021','02','2','Shiraz','219'
'2021','02','2','Silvaner','522'
'2021','02','3','Cabernet','57'
'2021','02','3','Champagner','150'
'2021','02','3','Chardonnay','162'
'2021','02','3','Dornfelder','45'
'2021','02','3','Grauburgunder','19'
'2021','02','3','Müller-Thurgau','90'
'2021','02','3','Riesling','93'
'2021','02','3','Shiraz','315'
'2021','02','4','Cabernet','333'
'2021','02','4','Champagner','24'
'2021','02','4','Chardonnay','228'
'2021','02','4','Dornfelder','72'
'2021','02','4','Grauburgunder','411'
'2021','02','4','Müller-Thurgau','888'
'2021','02','4','Riesling','933'
'2021','02','4','Shiraz','186'
'2021','02','4','Silvaner','297'
'2021','02','5','Cabernet','360'
'2021','02','5','Champagner','15'
'2021','02','5','Chardonnay','309'
'2021','02','5','Dornfelder','360'
'2021','02','5','Grauburgunder','15'
'2021','02','5','Müller-Thurgau','486'
'2021','02','5','Riesling','112'
'2021','02','5','Shiraz','111'
'2021','02','5','Silvaner','120'
'2021','02','6','Cabernet','288'
'2021','02','6','Champagner','795'
'2021','02','6','Chardonnay','774'
'2021','02','6','Dornfelder','99'
'2021','02','6','Grauburgunder','517'
'2021','02','6','Müller-Thurgau','96'
'2021','02','6','Riesling','462'
'2021','02','6','Shiraz','99'
'2021','02','6','Silvaner','48'
'2021','02','7','Cabernet','498'
'2021','02','7','Champagner','81'
'2021','02','7','Chardonnay','33'
'2021','02','7','Dornfelder','96'
'2021','02','7','Grauburgunder','192'
'2021','02','7','Müller-Thurgau','276'
'2021','02','7','Riesling','230'
'2021','02','7','Shiraz','255'
'2021','02','7','Silvaner','234'
'2021','02','8','Cabernet','63'
'2021','02','8','Champagner','594'
'2021','02','8','Chardonnay','51'
'2021','02','8','Dornfelder','36'
'2021','02','8','Grauburgunder','28'
'2021','02','8','Müller-Thurgau','228'
'2021','02','8','Riesling','262'
'2021','02','8','Shiraz','471'
'2021','02','8','Silvaner','189'
'2021','02','9','Cabernet','240'
'2021','02','9','Champagner','186'
'2021','02','9','Chardonnay','270'
'2021','02','9','Dornfelder','3'
'2021','02','9','Grauburgunder','27'
'2021','02','9','Müller-Thurgau','117'
'2021','02','9','Riesling','142'
'2021','02','9','Shiraz','570'
'2021','02','9','Silvaner','138'
'2021','02','10','Cabernet','99'
'2021','02','10','Chardonnay','351'
'2021','02','10','Grauburgunder','229'
'2021','02','10','Müller-Thurgau','204'
'2021','02','10','Riesling','78'
'2021','02','10','Shiraz','147'
'2021','02','10','Silvaner','258'
'2021','03','1','Cabernet','588'
'2021','03','1','Champagner','78'
'2021','03','1','Chardonnay','51'
'2021','03','1','Dornfelder','6'
'2021','03','1','Grauburgunder','63'
'2021','03','1','Müller-Thurgau','198'
'2021','03','1','Riesling','671'
'2021','03','1','Shiraz','33'
'2021','03','1','Silvaner','144'
'2021','03','2','Cabernet','54'
'2021','03','2','Champagner','42'
'2021','03','2','Chardonnay','126'
'2021','03','2','Dornfelder','192'
'2021','03','2','Grauburgunder','333'
'2021','03','2','Müller-Thurgau','525'
'2021','03','2','Riesling','249'
'2021','03','2','Shiraz','426'
'2021','03','2','Silvaner','558'
'2021','03','3','Cabernet','297'
'2021','03','3','Champagner','108'
'2021','03','3','Chardonnay','363'
'2021','03','3','Dornfelder','57'
'2021','03','3','Grauburgunder','264'
'2021','03','3','Müller-Thurgau','48'
'2021','03','3','Riesling','201'
'2021','03','3','Shiraz','78'
'2021','03','3','Silvaner','72'
'2021','03','4','Cabernet','57'
'2021','03','4','Champagner','774'
'2021','03','4','Chardonnay','84'
'2021','03','4','Dornfelder','12'
'2021','03','4','Grauburgunder','324'
'2021','03','4','Müller-Thurgau','357'
'2021','03','4','Riesling','87'
'2021','03','4','Shiraz','159'
'2021','03','4','Silvaner','162'
'2021','03','5','Cabernet','189'
'2021','03','5','Champagner','30'
'2021','03','5','Chardonnay','375'
'2021','03','5','Dornfelder','63'
'2021','03','5','Grauburgunder','84'
'2021','03','5','Müller-Thurgau','153'
'2021','03','5','Riesling','459'
'2021','03','5','Shiraz','90'
'2021','03','5','Silvaner','12'
'2021','03','6','Cabernet','69'
'2021','03','6','Champagner','9'
'2021','03','6','Chardonnay','90'
'2021','03','6','Dornfelder','300'
'2021','03','6','Grauburgunder','627'
'2021','03','6','Müller-Thurgau','888'
'2021','03','6','Riesling','1.038'
'2021','03','6','Shiraz','87'
'2021','03','6','Silvaner','66'
'2021','03','7','Cabernet','42'
'2021','03','7','Champagner','393'
'2021','03','7','Chardonnay','144'
'2021','03','7','Dornfelder','24'
'2021','03','7','Grauburgunder','81'
'2021','03','7','Müller-Thurgau','33'
'2021','03','7','Riesling','337'
'2021','03','7','Shiraz','18'
'2021','03','7','Silvaner','231'
'2021','03','8','Cabernet','33'
'2021','03','8','Champagner','105'
'2021','03','8','Chardonnay','153'
'2021','03','8','Dornfelder','30'
'2021','03','8','Grauburgunder','60'
'2021','03','8','Müller-Thurgau','291'
'2021','03','8','Riesling','426'
'2021','03','8','Shiraz','129'
'2021','03','8','Silvaner','255'
'2021','03','9','Cabernet','111'
'2021','03','9','Champagner','258'
'2021','03','9','Chardonnay','165'
'2021','03','9','Grauburgunder','229'
'2021','03','9','Müller-Thurgau','912'
'2021','03','9','Riesling','282'
'2021','03','9','Shiraz','81'
'2021','03','9','Silvaner','12'
'2021','03','10','Cabernet','90'
'2021','03','10','Champagner','114'
'2021','03','10','Chardonnay','285'
'2021','03','10','Dornfelder','231'
'2021','03','10','Grauburgunder','18'
'2021','03','10','Müller-Thurgau','255'
'2021','03','10','Riesling','362'
'2021','03','10','Shiraz','126'
'2021','03','10','Silvaner','54'
'2021','04','1','Cabernet','156'
'2021','04','1','Champagner','42'
'2021','04','1','Chardonnay','333'
'2021','04','1','Dornfelder','36'
'2021','04','1','Grauburgunder','62'
'2021','04','1','Müller-Thurgau','447'
'2021','04','1','Riesling','364'
'2021','04','1','Shiraz','36'
'2021','04','1','Silvaner','93'
'2021','04','2','Cabernet','651'
'2021','04','2','Champagner','57'
'2021','04','2','Chardonnay','39'
'2021','04','2','Dornfelder','300'
'2021','04','2','Grauburgunder','258'
'2021','04','2','Müller-Thurgau','429'
'2021','04','2','Riesling','768'
'2021','04','2','Shiraz','126'
'2021','04','2','Silvaner','918'
'2021','04','3','Cabernet','9'
'2021','04','3','Champagner','177'
'2021','04','3','Chardonnay','441'
'2021','04','3','Dornfelder','72'
'2021','04','3','Grauburgunder','433'
'2021','04','3','Müller-Thurgau','510'
'2021','04','3','Riesling','344'
'2021','04','3','Shiraz','132'
'2021','04','3','Silvaner','90'
'2021','04','4','Cabernet','351'
'2021','04','4','Champagner','138'
'2021','04','4','Chardonnay','51'
'2021','04','4','Dornfelder','411'
'2021','04','4','Grauburgunder','165'
'2021','04','4','Müller-Thurgau','27'
'2021','04','4','Riesling','63'
'2021','04','4','Shiraz','396'
'2021','04','4','Silvaner','168'
'2021','04','5','Cabernet','351'
'2021','04','5','Champagner','42'
'2021','04','5','Chardonnay','318'
'2021','04','5','Dornfelder','30'
'2021','04','5','Grauburgunder','18'
'2021','04','5','Müller-Thurgau','36'
'2021','04','5','Riesling','868'
'2021','04','5','Shiraz','27'
'2021','04','5','Silvaner','204'
'2021','04','6','Cabernet','399'
'2021','04','6','Champagner','162'
'2021','04','6','Chardonnay','225'
'2021','04','6','Dornfelder','108'
'2021','04','6','Grauburgunder','387'
'2021','04','6','Müller-Thurgau','57'
'2021','04','6','Riesling','60'
'2021','04','6','Shiraz','126'
'2021','04','6','Silvaner','66'
'2021','04','7','Cabernet','177'
'2021','04','7','Champagner','75'
'2021','04','7','Chardonnay','315'
'2021','04','7','Dornfelder','195'
'2021','04','7','Grauburgunder','384'
'2021','04','7','Müller-Thurgau','525'
'2021','04','7','Riesling','171'
'2021','04','7','Shiraz','483'
'2021','04','7','Silvaner','45'
'2021','04','8','Cabernet','267'
'2021','04','8','Champagner','21'
'2021','04','8','Chardonnay','684'
'2021','04','8','Dornfelder','9'
'2021','04','8','Grauburgunder','385'
'2021','04','8','Müller-Thurgau','594'
'2021','04','8','Riesling','690'
'2021','04','8','Shiraz','66'
'2021','04','8','Silvaner','276'
'2021','04','9','Cabernet','243'
'2021','04','9','Champagner','129'
'2021','04','9','Chardonnay','126'
'2021','04','9','Dornfelder','54'
'2021','04','9','Grauburgunder','724'
'2021','04','9','Müller-Thurgau','60'
'2021','04','9','Riesling','794'
'2021','04','9','Shiraz','45'
'2021','04','9','Silvaner','390'
'2021','04','10','Cabernet','156'
'2021','04','10','Champagner','33'
'2021','04','10','Chardonnay','126'
'2021','04','10','Dornfelder','333'
'2021','04','10','Grauburgunder','36'
'2021','04','10','Müller-Thurgau','33'
'2021','04','10','Riesling','429'
'2021','04','10','Shiraz','456'
'2021','04','10','Silvaner','270'
'2021','05','1','Cabernet','276'
'2021','05','1','Champagner','138'
'2021','05','1','Chardonnay','135'
'2021','05','1','Dornfelder','261'
'2021','05','1','Grauburgunder','121'
'2021','05','1','Müller-Thurgau','1.176'
'2021','05','1','Riesling','141'
'2021','05','1','Shiraz','192'
'2021','05','1','Silvaner','594'
'2021','05','2','Cabernet','138'
'2021','05','2','Champagner','42'
'2021','05','2','Chardonnay','276'
'2021','05','2','Dornfelder','564'
'2021','05','2','Grauburgunder','426'
'2021','05','2','Müller-Thurgau','258'
'2021','05','2','Riesling','61'
'2021','05','2','Shiraz','522'
'2021','05','2','Silvaner','84'
'2021','05','3','Cabernet','90'
'2021','05','3','Champagner','3'
'2021','05','3','Chardonnay','135'
'2021','05','3','Dornfelder','78'
'2021','05','3','Grauburgunder','81'
'2021','05','3','Müller-Thurgau','57'
'2021','05','3','Riesling','220'
'2021','05','3','Shiraz','132'
'2021','05','3','Silvaner','213'
'2021','05','4','Cabernet','255'
'2021','05','4','Champagner','159'
'2021','05','4','Chardonnay','60'
'2021','05','4','Dornfelder','87'
'2021','05','4','Grauburgunder','49'
'2021','05','4','Müller-Thurgau','159'
'2021','05','4','Riesling','575'
'2021','05','4','Shiraz','108'
'2021','05','4','Silvaner','78'
'2021','05','5','Cabernet','387'
'2021','05','5','Champagner','201'
'2021','05','5','Chardonnay','24'
'2021','05','5','Dornfelder','51'
'2021','05','5','Grauburgunder','88'
'2021','05','5','Müller-Thurgau','147'
'2021','05','5','Riesling','244'
'2021','05','5','Shiraz','162'
'2021','05','5','Silvaner','156'
'2021','05','6','Cabernet','285'
'2021','05','6','Champagner','54'
'2021','05','6','Chardonnay','201'
'2021','05','6','Dornfelder','417'
'2021','05','6','Grauburgunder','34'
'2021','05','6','Müller-Thurgau','321'
'2021','05','6','Riesling','205'
'2021','05','6','Shiraz','33'
'2021','05','6','Silvaner','180'
'2021','05','7','Cabernet','54'
'2021','05','7','Champagner','30'
'2021','05','7','Chardonnay','462'
'2021','05','7','Dornfelder','87'
'2021','05','7','Grauburgunder','120'
'2021','05','7','Müller-Thurgau','390'
'2021','05','7','Riesling','396'
'2021','05','7','Shiraz','21'
'2021','05','7','Silvaner','120'
'2021','05','8','Cabernet','549'
'2021','05','8','Champagner','273'
'2021','05','8','Chardonnay','312'
'2021','05','8','Dornfelder','60'
'2021','05','8','Grauburgunder','118'
'2021','05','8','Müller-Thurgau','696'
'2021','05','8','Riesling','216'
'2021','05','8','Shiraz','6'
'2021','05','8','Silvaner','498'
'2021','05','9','Cabernet','171'
'2021','05','9','Champagner','159'
'2021','05','9','Chardonnay','96'
'2021','05','9','Dornfelder','36'
'2021','05','9','Grauburgunder','255'
'2021','05','9','Müller-Thurgau','306'
'2021','05','9','Riesling','126'
'2021','05','9','Shiraz','156'
'2021','05','9','Silvaner','54'
'2021','05','10','Cabernet','336'
'2021','05','10','Champagner','372'
'2021','05','10','Chardonnay','195'
'2021','05','10','Dornfelder','105'
'2021','05','10','Grauburgunder','471'
'2021','05','10','Müller-Thurgau','201'
'2021','05','10','Riesling','487'
'2021','05','10','Shiraz','369'
'2021','05','10','Silvaner','78'
'2021','06','1','Cabernet','201'
'2021','06','1','Champagner','111'
'2021','06','1','Chardonnay','30'
'2021','06','1','Grauburgunder','750'
'2021','06','1','Müller-Thurgau','342'
'2021','06','1','Riesling','398'
'2021','06','1','Shiraz','240'
'2021','06','1','Silvaner','537'
'2021','06','2','Cabernet','150'
'2021','06','2','Champagner','102'
'2021','06','2','Chardonnay','324'
'2021','06','2','Dornfelder','42'
'2021','06','2','Grauburgunder','85'
'2021','06','2','Müller-Thurgau','72'
'2021','06','2','Riesling','280'
'2021','06','2','Shiraz','303'
'2021','06','2','Silvaner','150'
'2021','06','3','Cabernet','30'
'2021','06','3','Champagner','45'
'2021','06','3','Chardonnay','789'
'2021','06','3','Dornfelder','36'
'2021','06','3','Grauburgunder','45'
'2021','06','3','Müller-Thurgau','561'
'2021','06','3','Riesling','204'
'2021','06','3','Shiraz','102'
'2021','06','3','Silvaner','246'
'2021','06','4','Cabernet','84'
'2021','06','4','Champagner','147'
'2021','06','4','Chardonnay','60'
'2021','06','4','Dornfelder','396'
'2021','06','4','Grauburgunder','54'
'2021','06','4','Müller-Thurgau','147'
'2021','06','4','Riesling','709'
'2021','06','4','Shiraz','288'
'2021','06','4','Silvaner','84'
'2021','06','5','Cabernet','99'
'2021','06','5','Champagner','237'
'2021','06','5','Chardonnay','270'
'2021','06','5','Dornfelder','15'
'2021','06','5','Grauburgunder','363'
'2021','06','5','Müller-Thurgau','102'
'2021','06','5','Riesling','1.092'
'2021','06','5','Shiraz','72'
'2021','06','5','Silvaner','219'
'2021','06','6','Cabernet','144'
'2021','06','6','Champagner','396'
'2021','06','6','Chardonnay','114'
'2021','06','6','Dornfelder','108'
'2021','06','6','Grauburgunder','354'
'2021','06','6','Müller-Thurgau','159'
'2021','06','6','Riesling','897'
'2021','06','6','Shiraz','291'
'2021','06','6','Silvaner','273'
'2021','06','7','Cabernet','27'
'2021','06','7','Champagner','240'
'2021','06','7','Chardonnay','591'
'2021','06','7','Dornfelder','66'
'2021','06','7','Grauburgunder','52'
'2021','06','7','Müller-Thurgau','570'
'2021','06','7','Riesling','156'
'2021','06','7','Shiraz','201'
'2021','06','7','Silvaner','468'
'2021','06','8','Cabernet','60'
'2021','06','8','Champagner','168'
'2021','06','8','Chardonnay','93'
'2021','06','8','Dornfelder','120'
'2021','06','8','Grauburgunder','105'
'2021','06','8','Müller-Thurgau','591'
'2021','06','8','Riesling','533'
'2021','06','8','Shiraz','78'
'2021','06','8','Silvaner','69'
'2021','06','9','Cabernet','78'
'2021','06','9','Chardonnay','828'
'2021','06','9','Dornfelder','42'
'2021','06','9','Grauburgunder','88'
'2021','06','9','Müller-Thurgau','75'
'2021','06','9','Riesling','320'
'2021','06','9','Shiraz','144'
'2021','06','9','Silvaner','273'
'2021','06','10','Cabernet','111'
'2021','06','10','Champagner','699'
'2021','06','10','Chardonnay','423'
'2021','06','10','Dornfelder','132'
'2021','06','10','Grauburgunder','237'
'2021','06','10','Müller-Thurgau','768'
'2021','06','10','Riesling','129'
'2021','06','10','Shiraz','195'
'2021','06','10','Silvaner','9'
'2021','07','1','Cabernet','165'
'2021','07','1','Champagner','246'
'2021','07','1','Chardonnay','549'
'2021','07','1','Dornfelder','249'
'2021','07','1','Grauburgunder','645'
'2021','07','1','Müller-Thurgau','75'
'2021','07','1','Riesling','220'
'2021','07','1','Shiraz','306'
'2021','07','1','Silvaner','33'
'2021','07','2','Cabernet','24'
'2021','07','2','Champagner','198'
'2021','07','2','Chardonnay','162'
'2021','07','2','Dornfelder','810'
'2021','07','2','Grauburgunder','135'
'2021','07','2','Müller-Thurgau','552'
'2021','07','2','Riesling','12'
'2021','07','2','Shiraz','1.080'
'2021','07','2','Silvaner','141'
'2021','07','3','Cabernet','24'
'2021','07','3','Champagner','45'
'2021','07','3','Chardonnay','198'
'2021','07','3','Grauburgunder','526'
'2021','07','3','Müller-Thurgau','129'
'2021','07','3','Riesling','213'
'2021','07','3','Shiraz','6'
'2021','07','3','Silvaner','48'
'2021','07','4','Cabernet','339'
'2021','07','4','Champagner','216'
'2021','07','4','Chardonnay','270'
'2021','07','4','Dornfelder','279'
'2021','07','4','Grauburgunder','131'
'2021','07','4','Müller-Thurgau','381'
'2021','07','4','Riesling','165'
'2021','07','4','Shiraz','618'
'2021','07','4','Silvaner','147'
'2021','07','5','Cabernet','78'
'2021','07','5','Champagner','378'
'2021','07','5','Chardonnay','384'
'2021','07','5','Dornfelder','45'
'2021','07','5','Grauburgunder','66'
'2021','07','5','Müller-Thurgau','789'
'2021','07','5','Riesling','733'
'2021','07','5','Shiraz','90'
'2021','07','5','Silvaner','54'
'2021','07','6','Cabernet','156'
'2021','07','6','Champagner','600'
'2021','07','6','Chardonnay','261'
'2021','07','6','Dornfelder','27'
'2021','07','6','Grauburgunder','516'
'2021','07','6','Müller-Thurgau','72'
'2021','07','6','Riesling','808'
'2021','07','6','Shiraz','231'
'2021','07','6','Silvaner','780'
'2021','07','7','Cabernet','114'
'2021','07','7','Champagner','252'
'2021','07','7','Chardonnay','309'
'2021','07','7','Dornfelder','456'
'2021','07','7','Müller-Thurgau','534'
'2021','07','7','Riesling','588'
'2021','07','7','Shiraz','111'
'2021','07','7','Silvaner','66'
'2021','07','8','Cabernet','435'
'2021','07','8','Champagner','264'
'2021','07','8','Chardonnay','42'
'2021','07','8','Dornfelder','15'
'2021','07','8','Grauburgunder','54'
'2021','07','8','Müller-Thurgau','348'
'2021','07','8','Riesling','803'
'2021','07','8','Shiraz','570'
'2021','07','8','Silvaner','150'
'2021','07','9','Cabernet','369'
'2021','07','9','Champagner','129'
'2021','07','9','Chardonnay','213'
'2021','07','9','Dornfelder','18'
'2021','07','9','Grauburgunder','171'
'2021','07','9','Müller-Thurgau','147'
'2021','07','9','Riesling','157'
'2021','07','9','Shiraz','90'
'2021','07','9','Silvaner','12'
'2021','07','10','Cabernet','249'
'2021','07','10','Champagner','96'
'2021','07','10','Chardonnay','618'
'2021','07','10','Dornfelder','9'
'2021','07','10','Grauburgunder','108'
'2021','07','10','Müller-Thurgau','126'
'2021','07','10','Riesling','455'
'2021','07','10','Shiraz','27'
'2021','08','1','Cabernet','33'
'2021','08','1','Champagner','429'
'2021','08','1','Chardonnay','189'
'2021','08','1','Grauburgunder','198'
'2021','08','1','Riesling','270'
'2021','08','1','Shiraz','132'
'2021','08','1','Silvaner','123'
'2021','08','2','Cabernet','240'
'2021','08','2','Champagner','594'
'2021','08','2','Chardonnay','69'
'2021','08','2','Dornfelder','30'
'2021','08','2','Grauburgunder','663'
'2021','08','2','Müller-Thurgau','507'
'2021','08','2','Riesling','492'
'2021','08','2','Shiraz','66'
'2021','08','2','Silvaner','264'
'2021','08','3','Cabernet','132'
'2021','08','3','Champagner','384'
'2021','08','3','Chardonnay','144'
'2021','08','3','Dornfelder','159'
'2021','08','3','Grauburgunder','489'
'2021','08','3','Müller-Thurgau','258'
'2021','08','3','Riesling','565'
'2021','08','3','Shiraz','504'
'2021','08','3','Silvaner','336'
'2021','08','4','Cabernet','75'
'2021','08','4','Champagner','93'
'2021','08','4','Chardonnay','84'
'2021','08','4','Dornfelder','156'
'2021','08','4','Grauburgunder','43'
'2021','08','4','Müller-Thurgau','186'
'2021','08','4','Riesling','178'
'2021','08','4','Shiraz','9'
'2021','08','5','Cabernet','465'
'2021','08','5','Champagner','390'
'2021','08','5','Chardonnay','111'
'2021','08','5','Dornfelder','297'
'2021','08','5','Grauburgunder','141'
'2021','08','5','Riesling','257'
'2021','08','5','Shiraz','348'
'2021','08','5','Silvaner','96'
'2021','08','6','Cabernet','879'
'2021','08','6','Chardonnay','513'
'2021','08','6','Dornfelder','69'
'2021','08','6','Grauburgunder','124'
'2021','08','6','Müller-Thurgau','423'
'2021','08','6','Riesling','238'
'2021','08','6','Shiraz','657'
'2021','08','7','Cabernet','453'
'2021','08','7','Champagner','72'
'2021','08','7','Chardonnay','153'
'2021','08','7','Dornfelder','255'
'2021','08','7','Grauburgunder','921'
'2021','08','7','Müller-Thurgau','48'
'2021','08','7','Riesling','260'
'2021','08','7','Shiraz','129'
'2021','08','7','Silvaner','420'
'2021','08','8','Cabernet','150'
'2021','08','8','Champagner','18'
'2021','08','8','Chardonnay','393'
'2021','08','8','Dornfelder','42'
'2021','08','8','Grauburgunder','147'
'2021','08','8','Müller-Thurgau','66'
'2021','08','8','Riesling','670'
'2021','08','8','Shiraz','189'
'2021','08','8','Silvaner','84'
'2021','08','9','Cabernet','756'
'2021','08','9','Chardonnay','480'
'2021','08','9','Dornfelder','132'
'2021','08','9','Grauburgunder','57'
'2021','08','9','Müller-Thurgau','234'
'2021','08','9','Riesling','165'
'2021','08','9','Shiraz','141'
'2021','08','9','Silvaner','87'
'2021','08','10','Cabernet','12'
'2021','08','10','Champagner','51'
'2021','08','10','Chardonnay','630'
'2021','08','10','Dornfelder','3'
'2021','08','10','Grauburgunder','285'
'2021','08','10','Müller-Thurgau','51'
'2021','08','10','Riesling','504'
'2021','08','10','Shiraz','465'
'2021','08','10','Silvaner','72'
'2021','09','1','Cabernet','96'
'2021','09','1','Champagner','21'
'2021','09','1','Chardonnay','24'
'2021','09','1','Dornfelder','72'
'2021','09','1','Grauburgunder','171'
'2021','09','1','Müller-Thurgau','519'
'2021','09','1','Riesling','364'
'2021','09','1','Shiraz','126'
'2021','09','1','Silvaner','114'
'2021','09','2','Cabernet','54'
'2021','09','2','Champagner','3'
'2021','09','2','Chardonnay','78'
'2021','09','2','Dornfelder','210'
'2021','09','2','Müller-Thurgau','90'
'2021','09','2','Riesling','216'
'2021','09','2','Shiraz','330'
'2021','09','2','Silvaner','84'
'2021','09','3','Cabernet','15'
'2021','09','3','Champagner','456'
'2021','09','3','Chardonnay','150'
'2021','09','3','Dornfelder','102'
'2021','09','3','Grauburgunder','60'
'2021','09','3','Müller-Thurgau','12'
'2021','09','3','Riesling','68'
'2021','09','3','Shiraz','348'
'2021','09','3','Silvaner','60'
'2021','09','4','Cabernet','9'
'2021','09','4','Champagner','12'
'2021','09','4','Chardonnay','927'
'2021','09','4','Dornfelder','114'
'2021','09','4','Grauburgunder','432'
'2021','09','4','Müller-Thurgau','96'
'2021','09','4','Riesling','144'
'2021','09','4','Shiraz','420'
'2021','09','4','Silvaner','90'
'2021','09','5','Cabernet','480'
'2021','09','5','Champagner','489'
'2021','09','5','Chardonnay','255'
'2021','09','5','Dornfelder','45'
'2021','09','5','Grauburgunder','84'
'2021','09','5','Müller-Thurgau','156'
'2021','09','5','Riesling','281'
'2021','09','5','Shiraz','450'
'2021','09','5','Silvaner','63'
'2021','09','6','Cabernet','66'
'2021','09','6','Champagner','177'
'2021','09','6','Chardonnay','264'
'2021','09','6','Dornfelder','54'
'2021','09','6','Grauburgunder','127'
'2021','09','6','Müller-Thurgau','18'
'2021','09','6','Riesling','277'
'2021','09','6','Shiraz','351'
'2021','09','6','Silvaner','63'
'2021','09','7','Cabernet','111'
'2021','09','7','Champagner','108'
'2021','09','7','Chardonnay','162'
'2021','09','7','Dornfelder','48'
'2021','09','7','Grauburgunder','24'
'2021','09','7','Müller-Thurgau','747'
'2021','09','7','Riesling','24'
'2021','09','7','Shiraz','114'
'2021','09','7','Silvaner','111'
'2021','09','8','Cabernet','279'
'2021','09','8','Champagner','267'
'2021','09','8','Chardonnay','93'
'2021','09','8','Dornfelder','300'
'2021','09','8','Grauburgunder','606'
'2021','09','8','Müller-Thurgau','42'
'2021','09','8','Riesling','141'
'2021','09','8','Shiraz','372'
'2021','09','8','Silvaner','171'
'2021','09','9','Cabernet','201'
'2021','09','9','Champagner','183'
'2021','09','9','Chardonnay','414'
'2021','09','9','Dornfelder','63'
'2021','09','9','Grauburgunder','42'
'2021','09','9','Müller-Thurgau','99'
'2021','09','9','Riesling','180'
'2021','09','9','Shiraz','42'
'2021','09','9','Silvaner','303'
'2021','09','10','Cabernet','732'
'2021','09','10','Champagner','609'
'2021','09','10','Chardonnay','78'
'2021','09','10','Dornfelder','453'
'2021','09','10','Grauburgunder','183'
'2021','09','10','Müller-Thurgau','240'
'2021','09','10','Riesling','147'
'2021','09','10','Shiraz','204'
'2021','09','10','Silvaner','267'
'2021','10','1','Cabernet','147'
'2021','10','1','Chardonnay','24'
'2021','10','1','Dornfelder','183'
'2021','10','1','Grauburgunder','510'
'2021','10','1','Müller-Thurgau','438'
'2021','10','1','Riesling','797'
'2021','10','1','Shiraz','663'
'2021','10','1','Silvaner','291'
'2021','10','2','Cabernet','393'
'2021','10','2','Champagner','285'
'2021','10','2','Chardonnay','177'
'2021','10','2','Dornfelder','69'
'2021','10','2','Grauburgunder','164'
'2021','10','2','Müller-Thurgau','261'
'2021','10','2','Riesling','418'
'2021','10','2','Shiraz','72'
'2021','10','2','Silvaner','165'
'2021','10','3','Cabernet','207'
'2021','10','3','Champagner','24'
'2021','10','3','Chardonnay','216'
'2021','10','3','Dornfelder','207'
'2021','10','3','Grauburgunder','120'
'2021','10','3','Müller-Thurgau','621'
'2021','10','3','Riesling','364'
'2021','10','3','Shiraz','255'
'2021','10','3','Silvaner','393'
'2021','10','4','Cabernet','48'
'2021','10','4','Champagner','198'
'2021','10','4','Chardonnay','15'
'2021','10','4','Dornfelder','12'
'2021','10','4','Grauburgunder','108'
'2021','10','4','Müller-Thurgau','33'
'2021','10','4','Riesling','368'
'2021','10','4','Shiraz','174'
'2021','10','4','Silvaner','348'
'2021','10','5','Cabernet','117'
'2021','10','5','Champagner','123'
'2021','10','5','Chardonnay','189'
'2021','10','5','Dornfelder','138'
'2021','10','5','Grauburgunder','69'
'2021','10','5','Müller-Thurgau','465'
'2021','10','5','Riesling','300'
'2021','10','5','Shiraz','462'
'2021','10','5','Silvaner','60'
'2021','10','6','Cabernet','186'
'2021','10','6','Champagner','42'
'2021','10','6','Chardonnay','231'
'2021','10','6','Dornfelder','231'
'2021','10','6','Grauburgunder','72'
'2021','10','6','Müller-Thurgau','177'
'2021','10','6','Riesling','156'
'2021','10','6','Shiraz','150'
'2021','10','6','Silvaner','348'
'2021','10','7','Cabernet','243'
'2021','10','7','Champagner','459'
'2021','10','7','Chardonnay','171'
'2021','10','7','Dornfelder','24'
'2021','10','7','Grauburgunder','195'
'2021','10','7','Müller-Thurgau','543'
'2021','10','7','Riesling','531'
'2021','10','7','Shiraz','279'
'2021','10','7','Silvaner','27'
'2021','10','8','Cabernet','180'
'2021','10','8','Champagner','240'
'2021','10','8','Chardonnay','594'
'2021','10','8','Dornfelder','318'
'2021','10','8','Grauburgunder','240'
'2021','10','8','Müller-Thurgau','366'
'2021','10','8','Riesling','187'
'2021','10','8','Shiraz','90'
'2021','10','8','Silvaner','39'
'2021','10','9','Cabernet','60'
'2021','10','9','Champagner','90'
'2021','10','9','Chardonnay','213'
'2021','10','9','Dornfelder','219'
'2021','10','9','Grauburgunder','432'
'2021','10','9','Müller-Thurgau','582'
'2021','10','9','Riesling','405'
'2021','10','9','Shiraz','306'
'2021','10','9','Silvaner','51'
'2021','10','10','Cabernet','90'
'2021','10','10','Champagner','321'
'2021','10','10','Chardonnay','282'
'2021','10','10','Grauburgunder','27'
'2021','10','10','Müller-Thurgau','351'
'2021','10','10','Riesling','36'
'2021','10','10','Shiraz','45'
'2021','10','10','Silvaner','102'
'2021','11','1','Cabernet','153'
'2021','11','1','Champagner','72'
'2021','11','1','Chardonnay','12'
'2021','11','1','Dornfelder','117'
'2021','11','1','Grauburgunder','506'
'2021','11','1','Müller-Thurgau','501'
'2021','11','1','Riesling','247'
'2021','11','1','Shiraz','726'
'2021','11','1','Silvaner','90'
'2021','11','2','Cabernet','24'
'2021','11','2','Champagner','219'
'2021','11','2','Chardonnay','231'
'2021','11','2','Dornfelder','273'
'2021','11','2','Müller-Thurgau','294'
'2021','11','2','Riesling','105'
'2021','11','2','Shiraz','264'
'2021','11','2','Silvaner','516'
'2021','11','3','Cabernet','468'
'2021','11','3','Champagner','84'
'2021','11','3','Chardonnay','255'
'2021','11','3','Grauburgunder','183'
'2021','11','3','Müller-Thurgau','759'
'2021','11','3','Riesling','271'
'2021','11','3','Shiraz','36'
'2021','11','4','Cabernet','357'
'2021','11','4','Champagner','174'
'2021','11','4','Chardonnay','78'
'2021','11','4','Dornfelder','54'
'2021','11','4','Grauburgunder','105'
'2021','11','4','Müller-Thurgau','21'
'2021','11','4','Riesling','33'
'2021','11','4','Shiraz','213'
'2021','11','4','Silvaner','18'
'2021','11','5','Cabernet','84'
'2021','11','5','Champagner','162'
'2021','11','5','Chardonnay','81'
'2021','11','5','Dornfelder','135'
'2021','11','5','Grauburgunder','201'
'2021','11','5','Müller-Thurgau','1.272'
'2021','11','5','Riesling','328'
'2021','11','5','Shiraz','150'
'2021','11','5','Silvaner','114'
'2021','11','6','Cabernet','171'
'2021','11','6','Champagner','15'
'2021','11','6','Chardonnay','150'
'2021','11','6','Dornfelder','6'
'2021','11','6','Grauburgunder','180'
'2021','11','6','Müller-Thurgau','147'
'2021','11','6','Riesling','375'
'2021','11','6','Shiraz','45'
'2021','11','6','Silvaner','342'
'2021','11','7','Cabernet','21'
'2021','11','7','Champagner','90'
'2021','11','7','Chardonnay','153'
'2021','11','7','Dornfelder','30'
'2021','11','7','Grauburgunder','733'
'2021','11','7','Müller-Thurgau','135'
'2021','11','7','Riesling','934'
'2021','11','7','Silvaner','417'
'2021','11','8','Cabernet','198'
'2021','11','8','Champagner','213'
'2021','11','8','Chardonnay','69'
'2021','11','8','Dornfelder','186'
'2021','11','8','Grauburgunder','486'
'2021','11','8','Müller-Thurgau','66'
'2021','11','8','Riesling','331'
'2021','11','8','Shiraz','504'
'2021','11','8','Silvaner','165'
'2021','11','9','Cabernet','492'
'2021','11','9','Champagner','156'
'2021','11','9','Chardonnay','288'
'2021','11','9','Dornfelder','69'
'2021','11','9','Grauburgunder','321'
'2021','11','9','Müller-Thurgau','336'
'2021','11','9','Riesling','614'
'2021','11','9','Shiraz','348'
'2021','11','9','Silvaner','6'
'2021','11','10','Cabernet','102'
'2021','11','10','Champagner','288'
'2021','11','10','Chardonnay','510'
'2021','11','10','Grauburgunder','247'
'2021','11','10','Müller-Thurgau','153'
'2021','11','10','Riesling','81'
'2021','11','10','Shiraz','207'
'2021','11','10','Silvaner','12'
'2021','12','1','Cabernet','240'
'2021','12','1','Champagner','279'
'2021','12','1','Chardonnay','72'
'2021','12','1','Dornfelder','132'
'2021','12','1','Grauburgunder','213'
'2021','12','1','Müller-Thurgau','891'
'2021','12','1','Riesling','195'
'2021','12','1','Shiraz','240'
'2021','12','1','Silvaner','66'
'2021','12','2','Cabernet','78'
'2021','12','2','Champagner','471'
'2021','12','2','Chardonnay','678'
'2021','12','2','Dornfelder','72'
'2021','12','2','Grauburgunder','96'
'2021','12','2','Müller-Thurgau','48'
'2021','12','2','Riesling','448'
'2021','12','2','Shiraz','531'
'2021','12','2','Silvaner','201'
'2021','12','3','Cabernet','102'
'2021','12','3','Champagner','138'
'2021','12','3','Chardonnay','117'
'2021','12','3','Dornfelder','126'
'2021','12','3','Grauburgunder','51'
'2021','12','3','Müller-Thurgau','375'
'2021','12','3','Riesling','54'
'2021','12','3','Shiraz','681'
'2021','12','3','Silvaner','570'
'2021','12','4','Cabernet','111'
'2021','12','4','Champagner','48'
'2021','12','4','Chardonnay','168'
'2021','12','4','Dornfelder','219'
'2021','12','4','Grauburgunder','409'
'2021','12','4','Müller-Thurgau','414'
'2021','12','4','Riesling','423'
'2021','12','4','Shiraz','333'
'2021','12','4','Silvaner','210'
'2021','12','5','Cabernet','342'
'2021','12','5','Champagner','72'
'2021','12','5','Chardonnay','6'
'2021','12','5','Grauburgunder','178'
'2021','12','5','Müller-Thurgau','210'
'2021','12','5','Riesling','108'
'2021','12','5','Shiraz','138'
'2021','12','5','Silvaner','150'
'2021','12','6','Cabernet','435'
'2021','12','6','Champagner','144'
'2021','12','6','Chardonnay','240'
'2021','12','6','Dornfelder','141'
'2021','12','6','Grauburgunder','39'
'2021','12','6','Müller-Thurgau','318'
'2021','12','6','Riesling','98'
'2021','12','6','Shiraz','405'
'2021','12','6','Silvaner','156'
'2021','12','7','Cabernet','180'
'2021','12','7','Champagner','465'
'2021','12','7','Chardonnay','33'
'2021','12','7','Dornfelder','24'
'2021','12','7','Grauburgunder','34'
'2021','12','7','Müller-Thurgau','93'
'2021','12','7','Riesling','84'
'2021','12','7','Shiraz','267'
'2021','12','7','Silvaner','354'
'2021','12','8','Cabernet','60'
'2021','12','8','Champagner','114'
'2021','12','8','Chardonnay','171'
'2021','12','8','Dornfelder','45'
'2021','12','8','Grauburgunder','127'
'2021','12','8','Riesling','444'
'2021','12','8','Shiraz','366'
'2021','12','8','Silvaner','156'
'2021','12','9','Cabernet','129'
'2021','12','9','Champagner','141'
'2021','12','9','Chardonnay','390'
'2021','12','9','Grauburgunder','159'
'2021','12','9','Müller-Thurgau','27'
'2021','12','9','Riesling','87'
'2021','12','9','Shiraz','30'
'2021','12','9','Silvaner','30'
'2021','12','10','Cabernet','378'
'2021','12','10','Champagner','90'
'2021','12','10','Chardonnay','648'
'2021','12','10','Dornfelder','102'
'2021','12','10','Grauburgunder','192'
'2021','12','10','Müller-Thurgau','369'
'2021','12','10','Riesling','274'
'2021','12','10','Shiraz','123'
'2021','12','10','Silvaner','6'
